yield,radiation,rain,avg_min_temp,avg_max_temp,class
1.482,367072.99,3602.46,2.8254,14.0538,1
2.491,355017.68,3437.96,2.503,13.708099999999998,2
1.778,387164.58,3839.54,3.3491,14.571000000000002,1
1.542223275889371,371160.7648906288,3650.695588675176,2.931950437781296,14.159027967195888,1
