yield,radiation,rain,avg_min_temp,avg_max_temp,class
1.778,387164.58,3839.54,3.3491,14.571000000000002,1
2.491,355017.68,3437.96,2.503,13.708099999999998,2
1.482,367072.99,3602.46,2.8254,14.0538,1
2.285711873741975,357470.417365074,3471.4286786614916,2.568594541036261,13.778435089442416,1
