yield,radiation,rain,avg_min_temp,avg_max_temp,class
0.8173684210526315,145371.11,1366.67,4.9545,15.5187,0
1.9689473684210526,96243.95,923.6,1.6568,11.9819,1
2.216315789473684,129674.57,1287.03,4.3389,14.806200000000002,1
0.8741247881974228,142949.84384528897,1344.8329877410415,4.791970568247981,15.344386358910592,0
1.1552631578947368,253902.66,2398.03,4.0965,14.5428,1
2.181052631578947,205847.47,1823.3200000000002,2.2177,12.5739,1
1.7689473684210526,218136.2,2057.7,2.7435,13.117,1
2.17,233703.80999999997,2196.3,3.3623,13.7941,1
