yield,radiation,rain,avg_min_temp,avg_max_temp,class
1.384736842105263,363261.27,3052.23,4.3477,14.9885,1
2.9042105263157896,318176.67,2805.45,3.1337,13.574199999999998,2
0.9515789473684212,331522.92,2831.79,3.4036999999999997,13.9352,1
0.9568421052631578,347385.82,2930.26,3.9397000000000006,14.5251,1
