yield,radiation,rain,avg_min_temp,avg_max_temp,class
3.545294117647059,346836.02,3241.65,2.6372,13.1937,2
2.512941176470588,361316.61,3486.21,3.0201,13.5859,1
2.0805882352941176,376035.69,3655.46,3.4875,14.0208,1
2.42497593843663,364311.3100529653,3520.6450994739057,3.115195807941527,13.674383455014485,1
