yield,radiation,rain,avg_min_temp,avg_max_temp,class
2.066875,134199.99,1432.65,1.3129,12.2567,1
1.44,147001.93,1609.45,2.2019,13.12,1
0.918125,163443.26,1715.85,3.1678,14.1836,0
2.271875,251464.49,2571.08,1.9319,12.8896,2
1.53625,265137.95,2713.3,2.4464,13.4561,1
1.383125,282605.38,2950.13,3.0907,14.1405,1
