yield,radiation,rain,avg_min_temp,avg_max_temp,class
0.60375,402415.41,4532.75,2.8695,13.7277,0
1.9481249999999999,355389.5,4001.84,1.8973,12.7574,1
1.723125,380638.51,4365.21,2.5105,13.3354,1
