yield,radiation,rain,avg_min_temp,avg_max_temp,class
3.455454545454545,112602.96,944.34,4.5942,14.6015,2
1.1436363636363636,122007.45,994.78,5.2287,15.3364,1
1.8509090909090908,140509.89,1208.35,6.7786,16.8108,1
2.5633333333333335,222585.14,1964.38,4.6044,14.291400000000001,1
1.6983333333333333,235185.55999999997,2045.4399999999998,5.1635,14.8848,1
1.1016666666666668,251754.1,2219.45,5.6687,15.4602,1
2.6266666666666665,326228.89,2777.9,4.4842,14.2142,1
1.4325,339372.18,2910.8000000000006,4.919,14.6991,1
0.8133333333333334,359339.17,3016.1,5.3916,15.2341,0
