yield,radiation,rain,avg_min_temp,avg_max_temp,class
2.6266666666666665,326228.89,2777.9,4.4842,14.2142,1
1.4325,339372.18,2910.8000000000006,4.919,14.6991,1
0.8133333333333334,359339.17,3016.1,5.3916,15.2341,0
