yield,radiation,rain,avg_min_temp,avg_max_temp,class
1.7283333333333333,345866.21,3029.91,3.5246,14.3512,1
3.160833333333333,332803.83,2976.89,3.1776,13.9339,2
1.5030974295380835,359459.1872674492,3145.5927933196604,3.9350873311342798,14.77181273973994,1
1.4525,362512.74,3171.58,4.0273,14.8663,1
2.0439259754425914,342988.450128143,3018.229216834462,3.4481527770946507,14.259265054413827,1
