yield,radiation,rain,avg_min_temp,avg_max_temp,class
0.9290476190476191,366120.81,3652.99,4.0495,15.1828,0
1.46625,124268.43,1424.11,3.7791,14.9567,1
0.7388095238095238,350854.89,3450.55,3.6339000000000006,14.733500000000001,0
1.475,195278.82,2047.5200000000002,2.3548,13.2404,1
1.076,228828.84,2269.57,3.5858,14.759,1
1.6054761904761903,333477.75,3384.09,3.2761000000000005,14.260900000000001,1
