yield,radiation,rain,avg_min_temp,avg_max_temp,class
1.6805882352941177,123759.62,1128.72,4.5745,14.762,2
0.5441176470588235,137685.25,1218.4,5.4868,15.8617,1
0.6023529411764706,156512.67,1354.89,6.6452,17.1282,1
2.2441176470588236,221898.34,1826.29,4.4815,14.7548,2
1.4976470588235296,234944.58,1996.4800000000002,5.0604,15.3513,1
0.77,258362.87,2282.39,5.8898,16.1951,1
