yield,radiation,rain,avg_min_temp,avg_max_temp,class
1.0605882352941176,327504.91,3008.62,4.5918,14.8351,1
0.44764705882352945,344365.89,3094.04,4.9374,15.259400000000001,1
0.5611764705882353,365104.62,3362.26,5.5104,15.866599999999998,1
