yield,radiation,rain,avg_min_temp,avg_max_temp,class
3.160833333333333,332803.83,2976.89,3.1776,13.9339,2
1.4525,362512.74,3171.58,4.0273,14.8663,1
1.991103669816613,343470.115069548,3020.184287441296,3.460948127916441,14.27465266218885,1
1.7283333333333333,345866.21,3029.91,3.5246,14.3512,1
1.6675647675752387,349533.59037322935,3061.1211759913567,3.635349334162879,14.464681165759497,1
