yield,radiation,rain,avg_min_temp,avg_max_temp,class
1.387857142857143,139394.32,1558.36,3.8191,14.041,1
1.6946428571428573,128788.79,1489.74,3.2282,13.4155,1
1.4575,163036.36999999997,1766.9600000000003,5.2067,15.5743,1
1.0360714285714285,150841.93,1573.22,4.5008,14.8536,0
