yield,radiation,rain,avg_min_temp,avg_max_temp,class
2.2555882352941174,37513.83764705883,455.85647058823525,11.589888235294117,23.307382352941175,2
1.52525,51266.48,588.75,12.8494,23.8869,1
1.5612452264818284,50588.67148293894,582.200250229307,12.7873240890916,23.858338070817013,1
2.0598531637085262,41199.62911374812,491.47274156465244,11.927445018595101,23.46269659318014,1
1.6946428571428573,128788.79,1489.74,3.2282,13.4155,1
1.387857142857143,139394.32,1558.36,3.8191,14.041,1
1.0360714285714285,150841.93,1573.22,4.5008,14.8536,0
1.4575,163036.36999999997,1766.9600000000003,5.2067,15.5743,1
